# Redirects for clean URLs
/home                    /                          301
/landing                 /                          301
/index                   /                          301

# Authentication routes
/signin                  /login                     301
/register               /signup                     301
/auth                   /login                      301

# Dashboard routes
/app                    /dashboard                  301
/account                /dashboard                  301

# Pricing and features
/plans                  /pricing                    301
/buy                    /checkout                   301

# Support and help
/help                   /faq                        301
/contact                /faq                        301

# Legacy routes (if you have any)
/old-dashboard          /dashboard                  301

# SPA fallback for client-side routing
/*                      /index.html                 200